company,headline,label
Northwind Robotics,Northwind Robotics beats earnings estimates and raises full-year guidance,positive
Northwind Robotics,Northwind Robotics shares surge after landing record defense contract,positive
Northwind Robotics,Northwind Robotics misses revenue forecast as orders slow,negative
Northwind Robotics,Northwind Robotics to present at industry conference next week,neutral
Northwind Robotics,Northwind Robotics CFO resigns unexpectedly; search for successor begins,negative
Northwind Robotics,Northwind Robotics completes previously announced office relocation,neutral
Northwind Robotics,Analysts upgrade Northwind Robotics to buy citing strong demand,positive
Northwind Robotics,Northwind Robotics recalls warehouse robots over safety defect,negative
Northwind Robotics,Northwind Robotics did not disappoint: margins expand for third straight quarter,positive
Northwind Robotics,Northwind Robotics announces date for quarterly results,neutral
Bluefin Foods,Bluefin Foods posts strong sales growth driven by new product line,positive
Bluefin Foods,Bluefin Foods cuts dividend as input costs soar,negative
Bluefin Foods,Bluefin Foods names new head of European operations,neutral
Bluefin Foods,Bluefin Foods faces lawsuit over misleading labels,negative
Bluefin Foods,Bluefin Foods wins approval to expand into Asian markets,positive
Bluefin Foods,Bluefin Foods says results were in line with its own expectations,neutral
Bluefin Foods,Bluefin Foods warns of weaker profit amid supply chain disruption,negative
Bluefin Foods,Bluefin Foods buyback program boosts investor confidence,positive
Bluefin Foods,Bluefin Foods shares little changed after annual meeting,neutral
Bluefin Foods,Bluefin Foods losses narrow but remain larger than analysts hoped,negative
Corvid Pharma,Corvid Pharma drug succeeds in late-stage trial,positive
Corvid Pharma,Corvid Pharma trial fails to meet primary endpoint,negative
Corvid Pharma,Corvid Pharma receives regulatory approval for flagship treatment,positive
Corvid Pharma,Corvid Pharma to begin new study in the second half of the year,neutral
Corvid Pharma,Regulator rejects Corvid Pharma application citing safety concerns,negative
Corvid Pharma,Corvid Pharma shares plunge as rival launches cheaper alternative,negative
Corvid Pharma,Corvid Pharma licensing deal brings upfront payment and royalties,positive
Corvid Pharma,Corvid Pharma updates investors on research pipeline,neutral
Corvid Pharma,Corvid Pharma no longer expects delays to its manufacturing expansion,positive
Corvid Pharma,Corvid Pharma reports quarterly results; outlook unchanged,neutral
Halcyon Energy,Halcyon Energy output hits record high as new field comes online,positive
Halcyon Energy,Halcyon Energy writes down value of offshore assets,negative
Halcyon Energy,Halcyon Energy confirms schedule for planned maintenance,neutral
Halcyon Energy,Halcyon Energy profit jumps on higher oil prices,positive
Halcyon Energy,Halcyon Energy hit with fine over pipeline spill,negative
Halcyon Energy,Halcyon Energy board approves routine bond issuance,neutral
Halcyon Energy,Halcyon Energy raises dividend for fifth consecutive year,positive
Halcyon Energy,Halcyon Energy production falls short as storms halt drilling,negative
Halcyon Energy,Halcyon Energy liability from legacy wells larger than previously disclosed,negative
Halcyon Energy,Halcyon Energy to hold investor day in March,neutral
Meridian Bank,Meridian Bank net interest income rises more than expected,positive
Meridian Bank,Meridian Bank sets aside more for bad loans as defaults climb,negative
Meridian Bank,Meridian Bank appoints two independent directors,neutral
Meridian Bank,Meridian Bank passes stress test with strong capital buffer,positive
Meridian Bank,Meridian Bank under investigation for money laundering controls,negative
Meridian Bank,Meridian Bank completes migration to new payments platform,neutral
Meridian Bank,Meridian Bank downgraded by rating agency on weak profitability,negative
Meridian Bank,Meridian Bank record trading revenue lifts quarterly earnings,positive
Meridian Bank,Meridian Bank says deposits were stable during the quarter,neutral
Meridian Bank,Meridian Bank avoids worst-case losses on commercial property loans,positive
Tessellate Software,Tessellate Software subscription revenue grows 40 percent,positive
Tessellate Software,Tessellate Software lays off 15 percent of staff,negative
Tessellate Software,Tessellate Software releases new version of its analytics platform,neutral
Tessellate Software,Tessellate Software outage disrupts customers for second day,negative
Tessellate Software,Tessellate Software to be acquired at a 35 percent premium,positive
Tessellate Software,Tessellate Software discloses data breach affecting millions of users,negative
Tessellate Software,Tessellate Software guidance tops Wall Street expectations,positive
Tessellate Software,Tessellate Software moves annual conference online,neutral
Tessellate Software,Tessellate Software growth slows sharply; shares tumble,negative
Tessellate Software,Tessellate Software shares edge higher in quiet trading,neutral
Orchid Retail,Orchid Retail holiday sales beat forecasts,positive
Orchid Retail,Orchid Retail to close 120 underperforming stores,negative
Orchid Retail,Orchid Retail opens flagship store in downtown location,neutral
Orchid Retail,Orchid Retail same-store sales decline for fourth quarter in a row,negative
Orchid Retail,Orchid Retail online sales soar as app downloads double,positive
Orchid Retail,Orchid Retail reports results in line with guidance,neutral
Orchid Retail,Orchid Retail inventory glut forces deep discounts,negative
Orchid Retail,Orchid Retail margins recover faster than expected,positive
Orchid Retail,Orchid Retail CEO to step down after 12 years; successor named,neutral
Orchid Retail,Orchid Retail cannot rule out further store closures,negative
Granite Rail,Granite Rail freight volumes rise on strong industrial demand,positive
Granite Rail,Granite Rail derailment halts traffic on key route,negative
Granite Rail,Granite Rail publishes annual sustainability report,neutral
Granite Rail,Granite Rail reaches labor agreement and avoids strike,positive
Granite Rail,Granite Rail workers vote to strike over pay dispute,negative
Granite Rail,Granite Rail updates timetable for winter season,neutral
Granite Rail,Granite Rail operating ratio improves to best level in a decade,positive
Granite Rail,Granite Rail volumes weaken as coal shipments fall,negative
Granite Rail,Granite Rail says capital spending plan remains on track,neutral
Granite Rail,Granite Rail earnings not as bad as feared,positive
Lumen Air,Lumen Air passenger numbers reach all-time high,positive
Lumen Air,Lumen Air grounds fleet after engine problems,negative
Lumen Air,Lumen Air adds three new routes for summer schedule,neutral
Lumen Air,Lumen Air swings to profit as fares rise,positive
Lumen Air,Lumen Air fuel costs squeeze margins,negative
Lumen Air,Lumen Air orders new aircraft for delivery from next year,neutral
Lumen Air,Lumen Air cancels hundreds of flights amid pilot shortage,negative
Lumen Air,Lumen Air loyalty program sale raises billions,positive
Lumen Air,Lumen Air traffic figures for the month released,neutral
Lumen Air,Lumen Air failed to win approval for proposed merger,negative
Pinecrest Insurance,Pinecrest Insurance underwriting profit beats estimates,positive
Pinecrest Insurance,Pinecrest Insurance faces heavy losses from hurricane claims,negative
Pinecrest Insurance,Pinecrest Insurance renews reinsurance program,neutral
Pinecrest Insurance,Pinecrest Insurance raises prices and grows premiums sharply,positive
Pinecrest Insurance,Pinecrest Insurance strengthens reserves for older claims,negative
Pinecrest Insurance,Pinecrest Insurance hosts webcast for analysts,neutral
Pinecrest Insurance,Pinecrest Insurance upgraded on improving claims trends,positive
Pinecrest Insurance,Pinecrest Insurance catastrophe losses lower than last year,positive
Pinecrest Insurance,Pinecrest Insurance announces changes to board committees,neutral
Pinecrest Insurance,Pinecrest Insurance sued by policyholders over denied claims,negative
Vantor Motors,Vantor Motors deliveries jump on demand for new electric model,positive
Vantor Motors,Vantor Motors recalls 200000 vehicles over braking issue,negative
Vantor Motors,Vantor Motors unveils concept car at auto show,neutral
Vantor Motors,Vantor Motors battery plant delayed by a year,negative
Vantor Motors,Vantor Motors secures low-cost battery supply deal,positive
Vantor Motors,Vantor Motors to report deliveries on Tuesday,neutral
Vantor Motors,Vantor Motors price cuts hurt profitability,negative
Vantor Motors,Vantor Motors wins top safety rating for flagship sedan,positive
Vantor Motors,Vantor Motors executive shuffle sees new head of design,neutral
Vantor Motors,Vantor Motors demand is anything but weak despite price increases,positive
Quarry Materials,Quarry Materials raises prices as construction booms,positive
Quarry Materials,Quarry Materials volumes drop as housing market cools,negative
Quarry Materials,Quarry Materials completes acquisition of regional supplier,neutral
Quarry Materials,Quarry Materials record earnings driven by infrastructure spending,positive
Quarry Materials,Quarry Materials hit by environmental violations at two sites,negative
Quarry Materials,Quarry Materials files annual report with regulator,neutral
Quarry Materials,Quarry Materials guidance disappoints investors,negative
Quarry Materials,Quarry Materials debt refinancing lowers interest costs,positive
Quarry Materials,Quarry Materials maintains quarterly dividend,neutral
Quarry Materials,Quarry Materials expansion plan is not without risks warns analyst,negative
